8050797487, .16, .14999999999999997, .15000000000000002
8993362501, .16000000000000003, .14, .1399999999999999
2551740229, .08000000000000007, .06000000000000005, .1299999999999999
3565148177, .1100000000000001, .05999999999999983, .1100000000000001
7423939781, .1299999999999999, .09000000000000008, .1100000000000001
9395024323, .1699999999999997, .10000000000000009, .1200000000000001
1271387441, .06000000000000005, 2.9999999999999805e-2, .10000000000000009
1997906683, .08000000000000007, 4.0000000000000036e-2, .08999999999999986
2699356529, .08000000000000007, .06000000000000005, .10000000000000009
3921846029, .10999999999999988, .06000000000000005, .16999999999999993
5223996991, .14000000000000012, .06000000000000005, .09999999999999964
4786932793, .10000000000000009, .06000000000000005, .08999999999999986
1966904921, .06000000000000005, .04999999999999982, .08000000000000007
8008122893, .1299999999999999, .08000000000000007, .08999999999999986
1486341617, .0600000000000005, .02999999999999936, .08000000000000007
2221552933, .07000000000000028, 4.0000000000000036e-2, .08000000000000007
4291776757, .08999999999999986, .05999999999999961, .09000000000000075
7155562331, .1200000000000001, .07999999999999918, .09000000000000075
9166622537, .1299999999999999, .08999999999999986, .09999999999999964
9775079651, .15000000000000036, .08999999999999986, .08999999999999986
2103182923, .07000000000000028, 4.0000000000000036e-2, .08000000000000007
6884356069, .1200000000000001, .08000000000000007, .09999999999999964
9161972839, .1299999999999999, .08000000000000007, .09999999999999964
1384762711, .05000000000000071, 4.0000000000000036e-2, .0699999999999994
5861540683, .11000000000000032, .07000000000000028, .08999999999999986
4438304239, .09999999999999964, .04999999999999982, .10000000000000053
9859105957, .13999999999999968, .08000000000000007, .08999999999999986
7500729673, .1200000000000001, .08000000000000007, .08999999999999986
4109925181, .08999999999999986, .0699999999999994, .11000000000000121
1633583353, .0600000000000005, .03999999999999915, .07000000000000028
2070544793, .0600000000000005, .03999999999999915, .08000000000000007
6572429371, .11999999999999922, .08000000000000007, .08999999999999986
5725286653, .11000000000000121, .07000000000000028, .08999999999999986
2592656299, .07000000000000028, 4.9999999999998934e-2, .08999999999999986
2647105999, .07000000000000028, .05000000000000071, .08999999999999986
9928994899, .15000000000000036, .08999999999999986, .08999999999999986
7764063911, .11999999999999922, .08000000000000007, .09999999999999964
5797179391, .11000000000000121, .05999999999999872, .10000000000000142
5884514347, .14999999999999858, .08999999999999986, .09000000000000163
8690894461, .129999999999999, .08000000000000007, .08999999999999986
1610502533, .0600000000000005, .03999999999999915, .08999999999999986
7320753679, .120000000000001, .08000000000000007, .08999999999999986
3414379967, .08999999999999986, .05000000000000071, .08999999999999986
9596258899, .129999999999999, .08999999999999986, .10000000000000142
3959629967, .08999999999999986, .05999999999999872, .08999999999999986
1383807731, .05000000000000071, .02999999999999936, .08000000000000007
4240239683, .08999999999999986, .05999999999999872, .08999999999999986
6619053869, .120000000000001, .08000000000000007, .09999999999999964
3998660213, .08999999999999986, .0600000000000005, .09999999999999964
2535062779, .07000000000000028, .03999999999999915, .09000000000000163
4420412179, .09999999999999964, .05999999999999872, .10000000000000142
6165672187, .10999999999999943, .07000000000000028, .08999999999999986
5299656799, .09999999999999964, .07000000000000028, .08999999999999986
5901939187, .11000000000000121, .08000000000000007, .09999999999999964
5341939667, .09999999999999964, .07000000000000028, .08999999999999986
9381092239, .13000000000000078, .08999999999999986, .08999999999999986
2020548679, .07000000000000028, .03999999999999915, .08000000000000007
8725453889, .13000000000000078, .0799999999999983, .09000000000000163
2473734517, .06999999999999851, .0600000000000005, .08000000000000007
6488162311, .120000000000001, .07000000000000028, .08999999999999986
7053385831, .10999999999999943, .0799999999999983, .08000000000000185
1021795783, .05000000000000071, 2.9999999999997584e-2, .08000000000000185
4408365113, .09999999999999787, .05000000000000071, .08999999999999986
9724931003, .13000000000000256, .08000000000000185, .08999999999999986
5512108057, .10999999999999943, .05999999999999872, .08000000000000185
9465560891, .129999999999999, .09999999999999787, .10000000000000142
8375297873, .14000000000000057, .0799999999999983, .08999999999999986
4549980797, .11000000000000298, .05999999999999872, .10999999999999943
9127399441, .129999999999999, .08999999999999986, .08000000000000185
3843222197, .08999999999999986, .05000000000000071, .09999999999999787
3916919891, .08999999999999986, .05000000000000071, .08999999999999986
2812855867, .0799999999999983, .0400000000000027, .08999999999999986
2635815463, .0799999999999983, .03999999999999915, .08999999999999986
5064936251, .10999999999999943, 6.0000000000002274e-2, .120000000000001
1118988593, .08999999999999986, .03999999999999915, .09999999999999787
4381753237, .10000000000000142, .05999999999999872, .10000000000000142
2278081577, .07000000000000028, .05000000000000071, .08999999999999986
7818552667, .11999999999999744, .08000000000000185, .08999999999999986
2248753751, .05999999999999872, .03999999999999915, .08000000000000185
2090050357, .05999999999999872, .03999999999999915, .08000000000000185
9270311753, .129999999999999, .0799999999999983, .09000000000000341
6192116083, .10999999999999943, .07000000000000028, .0799999999999983
1610370187, .04999999999999716, .0400000000000027, .0799999999999983
8018936573, .120000000000001, .0799999999999983, .10000000000000142
1750431433, .08999999999999986, .05000000000000071, .08999999999999986
7195402237, .120000000000001, .0799999999999983, .08999999999999986
4845071081, .10000000000000142, .05999999999999872, .08999999999999986
1401468989, .05000000000000071, .03999999999999915, .08000000000000185
8826398293, .129999999999999, .0799999999999983, .08000000000000185
4391845963, .08999999999999986, .05000000000000071, .08000000000000185
6770319821, .10999999999999943, .08999999999999986, .09000000000000341
8949085913, .13999999999999702, .08000000000000185, .08999999999999986
8183329907, .120000000000001, .0799999999999983, .08999999999999986
8477019931, .129999999999999, .08000000000000185, .08999999999999986
5265602257, .10999999999999943, .05999999999999872, .08999999999999986
2963051011, .08000000000000185, .05000000000000071, .0799999999999983
2286683167, .08000000000000185, .03999999999999915, .08999999999999986
3140482313, .07000000000000028, .05999999999999872, .10999999999999943
1594663243, .07000000000000028, 3.0000000000001137e-2, .08000000000000185
2272274593, .06999999999999673, .05000000000000071, .08000000000000185
5923527161, .10999999999999943, .0799999999999983, .08999999999999986
5002075513, .10000000000000142, .07000000000000028, .08999999999999986
2464004443, .07000000000000028, .03999999999999915, .08999999999999986
4446625291, .08999999999999986, .07000000000000028, .08000000000000185
3298258543, .0799999999999983, .05999999999999872, .08000000000000185
7466628839, .129999999999999, .07000000000000028, .10000000000000142
5349455459, .09999999999999787, .07000000000000028, .08999999999999986
2259403603, 6.0000000000002274e-2, .03999999999999915, .08999999999999986
1935002317, .05999999999999872, .0400000000000027, .08999999999999986
4069945669, .08999999999999986, .04999999999999716, .08000000000000185
5870054023, .10000000000000142, .07000000000000028, .08999999999999986
9031501681, .129999999999999, .09999999999999787, .11000000000000298
9132852119, .13999999999999702, .08999999999999986, .09000000000000341
1786698731, .05999999999999872, .0400000000000027, .08999999999999986
5369918017, .09999999999999787, .07000000000000028, .08000000000000185
9864826189, .14000000000000057, .0799999999999983, .10000000000000142
6564479503, .11999999999999744, .07000000000000028, .08999999999999986
4352490283, .08999999999999986, 6.0000000000002274e-2, .0799999999999983
2251263827, .05999999999999872, .03999999999999915, .08999999999999986
3386952937, .08000000000000185, .05000000000000071, .0799999999999983
9291918127, .129999999999999, .08999999999999986, .09000000000000341
1000309907, .04999999999999716, 1.9999999999999574e-2, .08000000000000185
3138429011, .0799999999999983, .05000000000000071, .08000000000000185
3960641833, .0799999999999983, 6.0000000000002274e-2, .0799999999999983
8284227461, .1700000000000017, .0799999999999983, .09000000000000341
7545124421, .11999999999999744, .0799999999999983, .09000000000000341
1077393617, .04999999999999716, 3.0000000000001137e-2, .07000000000000028
1311001717, .04999999999999716, .03999999999999915, .07000000000000028
5288468389, .10000000000000142, .07000000000000028, .10000000000000142
2248871159, 6.0000000000002274e-2, .03999999999999915, .0799999999999983
4234467817, .09000000000000341, .04999999999999716, .09000000000000341
6468806027, .10999999999999943, .0799999999999983, .0799999999999983
1821091333, 6.0000000000002274e-2, .03999999999999915, .0799999999999983
1305951553, .05000000000000426, .02999999999999403, .07000000000000028
7093651177, .10999999999999943, .0799999999999983, .09000000000000341
1733996713, 6.0000000000002274e-2, .03999999999999915, .0799999999999983
8622007423, .14999999999999858, .09000000000000341, .0899999999999963
9906281107, .15000000000000568, .09999999999999432, .10000000000000142
4247095549, .09000000000000341, .05999999999999517, .10000000000000142
6692608589, .10999999999999943, .0800000000000054, .0899999999999963
3571258937, .09000000000000341, .04999999999999716, .0899999999999963
5735679491, .10999999999999943, .07000000000000028, .0899999999999963
6460291433, .12000000000000455, .07000000000000028, .0799999999999983
5950339279, .10000000000000142, .0799999999999983, .09000000000000341
7199681717, .12999999999999545, .07000000000000028, .10000000000000142
8178064837, .13000000000000256, .0799999999999983, .10000000000000142
7070688593, .11999999999999744, .0799999999999983, .09000000000000341
3207448889, .0799999999999983, .05000000000000426, .0899999999999963
8967269159, .14000000000000057, .09000000000000341, .0899999999999963
3985189697, .10000000000000142, .04999999999999716, .0799999999999983
4336295497, .0899999999999963, 6.0000000000002274e-2, .0899999999999963
8333703347, .13000000000000256, .0799999999999983, .10999999999999943
8689510801, .14000000000000057, .09000000000000341, .0899999999999963
3902015707, .09000000000000341, 6.0000000000002274e-2, .0799999999999983
1659355781, 6.0000000000002274e-2, .06999999999999318, .12000000000000455
4950819173, .10000000000000142, 6.0000000000002274e-2, .0899999999999963
9914363143, .14000000000000057, .11999999999999744, .15000000000000568
5107202201, .10999999999999943, .07000000000000028, .0899999999999963
5194779049, .10999999999999943, 6.0000000000002274e-2, .0899999999999963
7106946037, .12000000000000455, .07000000000000028, .10000000000000142
9706249013, .12999999999999545, .09000000000000341, .0799999999999983
1060336757, .04999999999999716, 3.0000000000001137e-2, .0799999999999983
7973902481, .12000000000000455, .0799999999999983, .0799999999999983
6739534103, .10999999999999943, .0799999999999983, .0799999999999983
2658703427, .07000000000000028, .05000000000000426, .0799999999999983
8993698097, .13000000000000256, .0799999999999983, .0799999999999983
6879560423, .10999999999999943, .0800000000000054, .0899999999999963
7788472697, .10999999999999943, .0800000000000054, .11999999999999744
8929328003, .14999999999999858, .09000000000000341, .0799999999999983
5329251883, .10999999999999943, 6.0000000000002274e-2, .09999999999999432
5291076191, .11000000000000654, .05999999999999517, .10000000000000142
4013979341, .09000000000000341, .05999999999999517, .09000000000000341
8193996341, .12999999999999545, .0800000000000054, .0899999999999963
9278464631, .13000000000000256, .0899999999999963, .0800000000000054
5044767941, .10999999999999943, .05999999999999517, .09000000000000341
1927198699, .05999999999999517, 3.0000000000001137e-2, .09000000000000341
3426592447, .0799999999999983, .04999999999999716, .0799999999999983
2162434579, .07000000000000028, .03999999999999915, .0799999999999983
1165456463, .05000000000000426, 3.0000000000001137e-2, .0799999999999983
4164219601, .0899999999999963, 6.0000000000002274e-2, .0799999999999983
8553415813, .13000000000000256, .0799999999999983, .09000000000000341
5066563423, .0899999999999963, .07000000000000028, .10000000000000142
5313510311, .09000000000000341, .07000000000000028, .09999999999999432
8891775569, .12000000000000455, .0899999999999963, .09000000000000341
5239146323, .10000000000000142, .07000000000000028, .0799999999999983
8407403539, .13000000000000256, .0799999999999983, .10000000000000142
4704077267, .0899999999999963, 6.0000000000002274e-2, .0899999999999963
5708157263, .10000000000000142, .07000000000000028, .09000000000000341
6631295357, .10999999999999943, .07000000000000028, .0899999999999963
5436415931, .10000000000000142, .07000000000000028, .0799999999999983
8306022581, .12000000000000455, .0799999999999983, .09000000000000341
3352324207, .0799999999999983, .04999999999999716, .09000000000000341
3878317621, .0799999999999983, 6.0000000000002274e-2, .0799999999999983
6198478259, .10999999999999943, .07000000000000028, .10000000000000142
1977893573, .05999999999999517, .03999999999999915, .0800000000000054
8885982857, .12999999999999545, .0800000000000054, .0799999999999983
8649580937, .12999999999999545, .0800000000000054, .0899999999999963
2974365133, .07000000000000028, .05000000000000426, .0899999999999963
3832981903, .09000000000000341, .04999999999999716, .09000000000000341
1571005871, .05999999999999517, 3.0000000000001137e-2, .09000000000000341
6221257397, .10999999999999943, .07000000000000028, .0899999999999963
2411106773, .07000000000000028, .04000000000000625, .0899999999999963
3273199429, .09000000000000341, .04999999999999716, .0799999999999983
6420901231, .10999999999999943, .07000000000000028, .10000000000000142
8990971201, .13000000000000256, .0899999999999963, .10000000000000142
3166644643, .0799999999999983, 6.0000000000002274e-2, .0899999999999963
6437952811, .12000000000000455, .07000000000000028, .10999999999999943
5704112329, .10999999999999943, .07000000000000028, .10000000000000142
9642474131, .14000000000000057, .0799999999999983, .10000000000000142
5621692829, .10999999999999943, .07000000000000028, .0899999999999963
9490777873, .14999999999999858, .09000000000000341, .10000000000000142
5669289317, .10000000000000142, .06999999999999318, .09000000000000341
8977078091, .14000000000000057, .0899999999999963, .09000000000000341
3620078093, .0799999999999983, .05000000000000426, .07000000000000028
2061620167, 6.0000000000002274e-2, .03999999999999915, .0899999999999963
4932179381, .10000000000000142, 6.0000000000002274e-2, .0899999999999963
6306432683, .11000000000000654, .06999999999999318, .09000000000000341
3854243059, .0800000000000054, .05999999999999517, .09000000000000341
5142921211, .0899999999999963, 6.0000000000002274e-2, .10000000000000142
9116178143, .12999999999999545, .0800000000000054, .09999999999999432
9934851371, .14000000000000057, .10000000000000142, .0799999999999983
3141081491, .0800000000000054, .04999999999999716, .09000000000000341
7410407461, .12999999999999545, .07000000000000028, .10000000000000142
7172488151, .11999999999999744, .07000000000000028, .10000000000000142
3982160279, .09000000000000341, .04999999999999716, .0899999999999963
9257259307, .19000000000000483, .0899999999999963, .09000000000000341
6623212483, .10999999999999943, .07000000000000028, .09000000000000341
5843500813, .11999999999999744, .07000000000000028, .09000000000000341
1875101777, .0799999999999983, .05999999999999517, .0800000000000054
5882363549, .10000000000000142, .07000000000000028, .14000000000000057
2481494447, .0899999999999963, .05000000000000426, .0799999999999983
8042211209, .11999999999999744, .0800000000000054, .0899999999999963
2539700063, .07000000000000028, .03999999999999915, .09000000000000341
1519837993, .04999999999999716, .03999999999999915, .0800000000000054
4545196867, .0899999999999963, 6.0000000000002274e-2, .0899999999999963
2695826317, .07000000000000028, .05000000000000426, .0799999999999983
5530244737, .10000000000000142, .07000000000000028, .0899999999999963
2969250443, .07000000000000028, .05000000000000426, .0899999999999963
5857346029, .10999999999999943, .07000000000000028, .09000000000000341
2784173267, .0799999999999983, .05000000000000426, .0799999999999983
5193558523, .10999999999999943, 6.0000000000002274e-2, .09999999999999432
5083434049, .10000000000000142, 6.0000000000002274e-2, .0899999999999963
7440029999, .12000000000000455, .07000000000000028, .09999999999999432
8511923657, .12000000000000455, .0799999999999983, .10000000000000142
2587742933, .07000000000000028, .05999999999999517, .0800000000000054
8395352443, .12999999999999545, .09000000000000341, .10000000000000142
9365733761, .12999999999999545, .09000000000000341, .0799999999999983
4701029341, .09999999999999432, .07000000000000739, .0799999999999983
1856784883, 6.0000000000002274e-2, .04999999999999716, .0799999999999983
2400759719, .07000000000000739, .04999999999999716, .09000000000000341
7198428089, .11999999999999034, .07000000000000739, .09999999999999432
7941818329, .12000000000000455, .09000000000000341, .0899999999999892
9638867747, .14000000000000057, .0799999999999983, .10000000000000853
6481327907, .10999999999999943, .09000000000000341, .0799999999999983
6170857691, .11999999999999034, .07000000000000739, .09000000000000341
8543348753, .14000000000000057, .0799999999999983, .09000000000000341
9664281293, .14000000000000057, .0799999999999983, .0899999999999892
1957247563, 6.0000000000002274e-2, .04000000000000625, .0799999999999983
9173339489, .14000000000000057, .0799999999999983, .09000000000000341
3521357029, .0799999999999983, .04999999999999716, .09000000000000341
8795086823, .14000000000000057, .0799999999999983, .09999999999999432
2096318827, .07000000000000739, .03999999999999204, .0799999999999983
6963758273, .12000000000000455, .07000000000000739, .0899999999999892
1966906637, 6.0000000000002274e-2, .04000000000000625, .09000000000000341
5007233879, .0899999999999892, 6.0000000000002274e-2, .09000000000000341
3691165811, .0799999999999983, 6.0000000000002274e-2, .0799999999999983
7773175187, .11999999999999034, .0799999999999983, .10000000000000853
8913391189, .12999999999999545, .0799999999999983, .0799999999999983
9857709893, .15000000000000568, .0899999999999892, .09000000000000341
5314437763, .10000000000000853, .05999999999998806, .09000000000000341
5020482073, .10000000000000853, .0799999999999983, .0799999999999983
4563084173, .09999999999999432, .04999999999999716, .09000000000000341
2324536117, .07000000000000739, .04999999999999716, .0799999999999983
4673688233, .09999999999999432, 6.0000000000002274e-2, .09000000000000341
6869492303, .10999999999999943, .06999999999999318, .09000000000000341
3516156079, .0799999999999983, .05000000000001137, .0899999999999892
9513393521, .13000000000000966, .09000000000000341, .09000000000000341
1526514713, .04999999999999716, 3.0000000000001137e-2, .0799999999999983
7216976719, .12000000000000455, .0799999999999983, .09000000000000341
2674176929, .06999999999999318, .04000000000000625, .09000000000000341
3275011781, .0799999999999983, .04999999999999716, .0799999999999983
1637332727, 6.0000000000002274e-2, .04000000000000625, .09000000000000341
3608162351, .0899999999999892, 6.0000000000002274e-2, .0799999999999983
4521959543, .1600000000000108, .05999999999998806, .09000000000000341
2974816879, .0799999999999983, .05000000000001137, .0799999999999983
3956056777, .0899999999999892, 6.0000000000002274e-2, .0799999999999983
6983984729, .12000000000000455, .07000000000000739, .0899999999999892
1340988751, .04999999999999716, .04000000000000625, .0799999999999983
6906431227, .12000000000000455, .06999999999999318, .09000000000000341
2781362963, .0799999999999983, .04000000000000625, .09000000000000341
3746484037, .0799999999999983, .04999999999999716, .09999999999999432
8165059571, .12000000000000455, .06999999999999318, .10000000000000853
8837039359, .12999999999999545, .0799999999999983, .10000000000000853
9565227181, .12999999999999545, .0799999999999983, .09000000000000341
2129048083, 6.0000000000002274e-2, .03999999999999204, .0799999999999983
7517970181, .12000000000000455, .07000000000000739, .0799999999999983
8785644841, .13000000000000966, .0799999999999983, .0799999999999983
8199977651, .12000000000000455, .0799999999999983, .09000000000000341
6958179083, .10999999999999943, .07000000000000739, .0899999999999892
4771690279, .10999999999999943, 6.0000000000002274e-2, .09000000000000341
4658493067, .09999999999999432, 6.0000000000002274e-2, .09000000000000341
2474280359, .06999999999999318, .04000000000000625, .0799999999999983
8934084889, .14000000000000057, .0799999999999983, .0799999999999983
2958295391, .07000000000000739, .04999999999999716, .0799999999999983
1403524909, .04999999999999716, 3.0000000000001137e-2, .0799999999999983
6873483293, .10999999999999943, .07000000000000739, .09000000000000341
2289032293, .06999999999999318, .04000000000000625, .0799999999999983
6508563401, .10999999999999943, .06999999999999318, .09000000000000341
4431024581, .09000000000000341, 6.0000000000002274e-2, .0799999999999983
1249762177, .04999999999999716, .04000000000000625, .0799999999999983
6922698611, .12999999999999545, .06999999999999318, .10000000000000853
9957423857, .12999999999999545, .09000000000000341, .0799999999999983
9108582727, .11999999999999034, .0800000000000125, .09999999999999432
9758353613, .12999999999999545, .09000000000000341, .0799999999999983
9924039659, .14000000000000057, .0799999999999983, .09000000000000341
9743276507, .12999999999999545, .0799999999999983, .09999999999999432
6474469117, .10999999999999943, .07000000000000739, .09000000000000341
1449587599, 6.0000000000002274e-2, 2.9999999999986926e-2, .0800000000000125
8676900919, .12999999999999545, .09000000000000341, .0799999999999983
9877491857, .14000000000000057, .09000000000000341, .0799999999999983
9055735807, .12999999999999545, .0799999999999983, .09999999999999432
7212606757, .12000000000000455, .07000000000000739, .09999999999999432
3032389067, .0799999999999983, .04000000000000625, .0899999999999892
1771863053, 6.0000000000002274e-2, .04000000000000625, .0799999999999983
4640137891, .10999999999999943, .10999999999999943, .10999999999999943
9598709327, .21000000000000796, .0899999999999892, .10000000000000853
2242437523, .06999999999999318, .04000000000000625, .09000000000000341
5417758967, .10999999999999943, .06999999999999318, .0899999999999892
5183415619, .10999999999999943, .07000000000000739, .0899999999999892
9447664579, .14000000000000057, .0799999999999983, .10000000000000853
1307884003, .04999999999999716, 3.0000000000001137e-2, .0799999999999983
3366851401, .0799999999999983, .04999999999999716, .0800000000000125
8862757763, .12000000000000455, .09000000000000341, .0799999999999983
7884270169, .12000000000000455, .07000000000000739, .0899999999999892
7017750473, .10999999999999943, .07000000000000739, .09000000000000341
6569931689, .10999999999999943, .09000000000000341, .12000000000000455
6552121307, .11999999999999034, .07000000000000739, .09999999999999432
2153582917, 6.0000000000002274e-2, .04000000000000625, .0799999999999983
6876014113, .10999999999999943, .0799999999999983, .09000000000000341
4244176843, .0899999999999892, 6.0000000000002274e-2, .10000000000000853
1168040323, .03999999999999204, .01999999999999602, .0799999999999983
5435366273, .10000000000000853, 6.0000000000002274e-2, .0899999999999892
8155858757, .12000000000000455, .0799999999999983, .09000000000000341
3762666139, .0799999999999983, 6.0000000000002274e-2, .0799999999999983
9668246339, .12999999999999545, .09000000000000341, .0799999999999983
1444378687, .04999999999999716, 3.0000000000001137e-2, .0799999999999983
1530018619, 6.0000000000002274e-2, 3.0000000000001137e-2, .0799999999999983
2257321901, .06999999999999318, .04000000000000625, .09000000000000341
2425607837, .0799999999999983, .04999999999999716, .0799999999999983
9064132163, .12999999999999545, .07000000000000739, .0899999999999892
9628695581, .13000000000000966, .0899999999999892, .09000000000000341
3769830871, .0799999999999983, 6.0000000000002274e-2, .0799999999999983
9708227237, .14000000000000057, .0799999999999983, .10000000000000853
2405886403, .06999999999999318, .04000000000000625, .09000000000000341
4317930593, .0899999999999892, 6.0000000000002274e-2, .0799999999999983
1448885509, .04999999999999716, .04000000000000625, .06999999999999318
1375040417, .04999999999999716, .05000000000001137, .12999999999999545
3131137153, .09000000000000341, .04999999999999716, .06999999999999318
3200577907, .0799999999999983, .05000000000001137, .0899999999999892
4564592887, .09000000000000341, .07000000000000739, .0799999999999983
4622705051, .0799999999999983, .05000000000001137, .0899999999999892
4146708767, .09000000000000341, .04999999999999716, .09000000000000341
6346525853, .10999999999999943, .07000000000000739, .0799999999999983
4149084127, .09000000000000341, .05999999999998806, .10000000000000853
4899978619, .09000000000000341, .05999999999998806, .09000000000000341
8605062923, .11999999999999034, .0800000000000125, .0899999999999892
3582510241, .0799999999999983, .05000000000001137, .0799999999999983
2100843469, .06999999999999318, .04000000000000625, .0799999999999983
7903633043, .12000000000000455, .0799999999999983, .09000000000000341
5453717089, .10999999999999943, .0799999999999983, .0799999999999983
4238576003, .09999999999999432, .04999999999999716, .09000000000000341
3720060023, .0799999999999983, 6.0000000000002274e-2, .09000000000000341
5368435489, .09999999999999432, 6.0000000000002274e-2, .09000000000000341
8598965447, .11999999999999034, .0799999999999983, .0799999999999983
8693720923, .13000000000000966, .0799999999999983, .09000000000000341
7683631633, .11999999999999034, .0799999999999983, .09000000000000341
5642716253, .10000000000000853, .06999999999999318, .0799999999999983
6074846417, .10999999999999943, .07000000000000739, .0899999999999892
9385294949, .13000000000000966, .0799999999999983, .09999999999999432
3733606543, .0799999999999983, .05000000000001137, .0899999999999892
3814844329, .0800000000000125, .05999999999998806, .09000000000000341
5430742561, .10999999999999943, .07000000000000739, .0899999999999892
7874415077, .13000000000000966, .0799999999999983, .09000000000000341
9644831219, .15000000000000568, .0799999999999983, .09999999999999432
4841411621, .09000000000000341, .06999999999999318, .0799999999999983
6862146859, .1700000000000017, .09000000000000341, .09000000000000341
2068146809, 6.0000000000002274e-2, .03999999999999204, .0799999999999983
4933169047, .10999999999999943, 6.0000000000002274e-2, .09000000000000341
7971227021, .12999999999999545, .0799999999999983, .14000000000000057
3393031729, .10000000000000853, .06999999999999318, .0799999999999983
5932542643, .10999999999999943, .07000000000000739, .09999999999999432
7631750153, .13000000000000966, .0799999999999983, .0899999999999892
2589162001, .0800000000000125, .04999999999999716, .09000000000000341
4175880757, .0899999999999892, .04999999999999716, .09000000000000341
8981897803, .12999999999999545, .0799999999999983, .09000000000000341
8616573149, .14000000000000057, .0899999999999892, .09000000000000341
9943038499, .14000000000000057, .0799999999999983, .09000000000000341
1086890977, .04999999999999716, 3.0000000000001137e-2, .07000000000000739
4101528491, .0799999999999983, 6.0000000000002274e-2, .09000000000000341
8622906731, .12000000000000455, .0799999999999983, .09000000000000341
7457979439, .12000000000000455, .0799999999999983, .09999999999999432
5996116459, .10000000000000853, .06999999999999318, .09000000000000341
2213151799, 6.0000000000002274e-2, .03999999999999204, .0800000000000125
6001390139, .10999999999999943, 6.0000000000002274e-2, .09999999999999432
8285637223, .12000000000000455, .0799999999999983, .09000000000000341
2326395691, .06999999999999318, .04999999999999716, .09000000000000341
3012545219, .09000000000000341, .03999999999999204, .10000000000000853
1298807299, .04999999999999716, 3.0000000000001137e-2, .09000000000000341
3624623099, .0899999999999892, .05000000000001137, .09999999999999432
4502892929, .09999999999999432, 6.0000000000002274e-2, .0799999999999983
7016023141, .12000000000000455, .07000000000000739, .0799999999999983
6115716809, .10999999999999943, .0799999999999983, .10999999999999943
1844409023, .06999999999999318, .04000000000000625, .0899999999999892
5591679889, .12000000000000455, .07000000000000739, .0899999999999892
8318625871, .14000000000000057, .0799999999999983, .12000000000000455
2166963779, .0799999999999983, .04000000000000625, .09999999999999432
9302252059, .12999999999999545, .09000000000000341, .12000000000000455
7591430897, .12999999999999545, .0799999999999983, .09000000000000341
3019084837, .0799999999999983, .05000000000001137, .0799999999999983
6244448489, .10999999999999943, .06999999999999318, .09000000000000341
6841875407, .11999999999999034, .0800000000000125, .10999999999999943
6423704383, .10999999999999943, .0799999999999983, .09999999999999432
5628716081, .12999999999999545, 6.0000000000002274e-2, .10000000000000853
7336317403, .11999999999999034, .07000000000000739, .09999999999999432
6660159353, .12000000000000455, .06999999999999318, .09000000000000341
7811265317, .11999999999999034, .07000000000000739, .09000000000000341
9416726197, .14000000000000057, .09000000000000341, .09999999999999432
6625541687, .10999999999999943, .0799999999999983, .09000000000000341
3977552009, .09000000000000341, 6.0000000000002274e-2, .06999999999999318
5655136433, .10999999999999943, .07000000000000739, .09999999999999432
2201966359, .07000000000000739, .03999999999999204, .09000000000000341
2101777751, .06999999999999318, .04000000000000625, .09000000000000341
8739473143, .14000000000000057, .14999999999999147, .21000000000000796
6146529643, .14000000000000057, .06999999999999318, .10999999999999943
5083457311, .18000000000000682, .06999999999999318, .10999999999999943
3116066917, .0799999999999983, .04999999999999716, .09000000000000341
3132053333, .06999999999999318, .05000000000001137, .0799999999999983
9779916199, .12999999999999545, .0799999999999983, .10000000000000853
5241317981, .14000000000000057, .10999999999999943, .09999999999999432
7936983347, .13000000000000966, .0899999999999892, .09000000000000341
1662916163, 6.0000000000002274e-2, .03999999999999204, .0799999999999983
7343503879, .13000000000000966, .06999999999999318, .09999999999999432
4009706201, .09000000000000341, 6.0000000000002274e-2, .0899999999999892
5074919233, .09999999999999432, 6.0000000000002274e-2, .09000000000000341
6002569241, .10999999999999943, 6.0000000000002274e-2, .09000000000000341
6947540239, .10999999999999943, .06999999999999318, .09000000000000341
3238581779, .0799999999999983, .04999999999999716, .0799999999999983
4079199571, .09000000000000341, 6.0000000000002274e-2, .0799999999999983
6854031889, .12000000000000455, .06999999999999318, .0799999999999983
6136757789, .10999999999999943, 6.0000000000002274e-2, .09000000000000341
6763993153, .10999999999999943, .0799999999999983, .09000000000000341
3461724281, .0799999999999983, .04999999999999716, .09000000000000341
5030148979, .10999999999999943, .05999999999998806, .10000000000000853
8865318443, .12999999999999545, .0799999999999983, .09000000000000341
2682777553, .07000000000000739, .04999999999999716, .09999999999999432
6761952289, .10999999999999943, .0799999999999983, .0799999999999983
9962660767, .15000000000000568, .18000000000000682, .1799999999999926
7690359889, .18000000000000682, .10999999999999943, .11999999999999034
7755260771, .13000000000000966, .09000000000000341, .15000000000000568
5674185691, .18000000000000682, .10000000000000853, .09000000000000341
7953054397, .11999999999999034, .06999999999999318, .09000000000000341
6107244791, .10999999999999943, .07000000000000739, .09999999999999432
5439212281, .09999999999999432, .07000000000000739, .09000000000000341
5368508287, .10999999999999943, 6.0000000000002274e-2, .10999999999999943
8233098953, .12999999999999545, .0799999999999983, .09999999999999432
7842217597, .12000000000000455, .07000000000000739, .0899999999999892
6919226231, .12000000000000455, .0799999999999983, .09000000000000341
4341559141, .0899999999999892, 6.0000000000002274e-2, .14000000000000057
1618882823, 6.0000000000002274e-2, .04999999999999716, .0799999999999983
3434621191, .09000000000000341, .04999999999999716, .09000000000000341
9917225429, .14000000000000057, .14000000000000057, .1599999999999966
7053043873, .14000000000000057, .0799999999999983, .09000000000000341
4547449043, .09999999999999432, .12000000000000455, .1599999999999966
2101668827, .09000000000000341, 6.0000000000002274e-2, .12999999999999545
4956891691, .10999999999999943, .06999999999999318, .0799999999999983
6352798079, .10999999999999943, .0799999999999983, .09000000000000341
9479298727, .12999999999999545, .0799999999999983, .10000000000000853
2093475971, .05999999999998806, .05000000000001137, .0799999999999983
1770496109, .05000000000001137, .03999999999999204, .0799999999999983
3078781313, .0799999999999983, .05000000000001137, .0799999999999983
7947324943, .12999999999999545, .0799999999999983, .09999999999999432
6996185981, .12000000000000455, .07000000000000739, .09999999999999432
8495584847, .12999999999999545, .0799999999999983, .09000000000000341
3742470013, .09000000000000341, 6.0000000000002274e-2, .09999999999999432
5134229437, .10999999999999943, 6.0000000000002274e-2, .10000000000000853
9308462179, .13999999999998636, .09000000000000341, .10000000000000853
5635277161, .10999999999999943, .06999999999999318, .09000000000000341
4807955729, .09000000000000341, 6.0000000000002274e-2, .09000000000000341
7612022101, .11999999999997613, .0700000000000216, .10999999999998522
3953180201, .0800000000000125, 6.0000000000002274e-2, .07999999999998408
4331115409, .09000000000000341, .06999999999999318, .10000000000002274
9583087309, .1599999999999966, .09000000000000341, .09999999999999432
7543043357, .12000000000000455, .07999999999998408, .09999999999999432
4404730969, .10000000000002274, .04999999999998295, .09000000000000341
8382998381, .12999999999999545, .06999999999999318, .13000000000002387
1486369793, .04999999999998295, .05000000000001137, .06999999999999318
1408840019, .05000000000001137, .03999999999999204, .0800000000000125
7727614049, .13999999999998636, .0800000000000125, .08999999999997499
1980684149, 6.0000000000002274e-2, 4.0000000000020464e-2, .09000000000000341
8638173881, .12999999999999545, .07999999999998408, .09000000000000341
9526800047, .14000000000001478, .07999999999998408, .11000000000001364
5122192991, .09999999999999432, 6.0000000000002274e-2, .09000000000000341
1111733333, .03999999999999204, 3.0000000000001137e-2, .0800000000000125
9389708533, .12999999999999545, .09000000000000341, .09000000000000341
1191455513, .04999999999998295, 3.0000000000001137e-2, .0700000000000216
6757139941, .11999999999997613, .0700000000000216, .08999999999997499
9013956661, .13000000000002387, .12999999999999545, .09000000000000341
4774591823, .09000000000000341, .05999999999997385, .10000000000002274
6554434837, .10999999999998522, .06999999999999318, .09000000000000341
6136772189, .09999999999999432, .06999999999999318, .09999999999999432
2389897613, .0700000000000216, .03999999999999204, .09000000000000341
2148961153, .06999999999999318, .03999999999999204, .0800000000000125
2315361253, 6.0000000000002274e-2, .03999999999999204, .0800000000000125
7233460813, .12000000000000455, .06999999999999318, .09999999999999432
4349786863, .09000000000000341, .06999999999999318, .09000000000000341
3563728183, .0800000000000125, .05000000000001137, .08999999999997499
5234811149, .10000000000002274, 6.0000000000002274e-2, .08999999999997499
1292483477, .05000000000001137, 3.0000000000001137e-2, .06999999999999318
3661567097, .08999999999997499, 6.0000000000002274e-2, .09000000000000341
9493621129, .12999999999999545, .09000000000000341, .09000000000000341
3037624847, .12000000000000455, .05000000000001137, .12999999999999545
2083226617, .12999999999999545, 6.0000000000002274e-2, .10999999999998522
3659885321, .10000000000002274, .06999999999999318, .10999999999998522
7766175047, .1599999999999966, .11000000000001364, .12000000000000455
4648805899, .12999999999999545, .06999999999999318, .09000000000000341
8160191219, .14000000000001478, .07999999999998408, .09000000000000341
9116416843, .14000000000001478, .08999999999997499, .09000000000000341
1322199289, .05000000000001137, .03999999999999204, .0800000000000125
3956766629, .09999999999999432, 6.0000000000002274e-2, .09999999999999432
8736036167, .14000000000001478, .07999999999998408, .09000000000000341
3899233873, .09000000000000341, 6.0000000000002274e-2, .07999999999998408
3160553629, .07999999999998408, 6.0000000000002274e-2, .0800000000000125
6389648431, .12000000000000455, .06999999999999318, .09000000000000341
5871165481, .10999999999998522, 6.0000000000002274e-2, .09000000000000341
9836464817, .15000000000000568, .09000000000000341, .09000000000000341
1587830747, 6.0000000000002274e-2, .03999999999999204, .09000000000000341
8938637611, .12999999999999545, .09000000000000341, .09000000000000341
1062052241, .03999999999999204, 3.0000000000001137e-2, .0800000000000125
9300836617, .13999999999998636, .0800000000000125, .07999999999998408
9890374181, .13999999999998636, .0800000000000125, .08999999999997499
1573149139, .05000000000001137, .03999999999999204, .0800000000000125
9684098821, .12999999999999545, .09000000000000341, .09000000000000341
1373416489, .04999999999998295, 3.0000000000001137e-2, .09000000000000341
8785456829, .17000000000001592, .07999999999998408, .09999999999999432
9261669407, .14000000000001478, .12000000000000455, .13999999999998636
4132991833, .14000000000001478, 6.0000000000002274e-2, .13999999999998636
3141384227, .15000000000000568, 6.0000000000002274e-2, .13999999999998636
6321020131, .14000000000001478, .06999999999999318, .09000000000000341
4367825881, .09999999999999432, 6.0000000000002274e-2, .09999999999999432
9016260049, .1599999999999966, .09000000000000341, .09999999999999432
5973867283, .10999999999998522, .0800000000000125, .10999999999998522
3840006967, .09000000000000341, 6.0000000000002274e-2, .08999999999997499
1920048973, 6.0000000000002274e-2, 4.0000000000020464e-2, .08999999999997499
5958084247, .10000000000002274, .06999999999999318, .09000000000000341
9428808047, .15000000000000568, .11999999999997613, .12000000000000455
5500628201, .12999999999999545, 6.0000000000002274e-2, .11000000000001364
3808598977, .09000000000000341, 6.0000000000002274e-2, .07999999999998408
9072114211, .12999999999999545, .09000000000000341, .09000000000000341
5643975937, .11000000000001364, .06999999999999318, .07999999999998408
2834832269, .0800000000000125, 4.0000000000020464e-2, .07999999999998408
6963160181, .12000000000000455, .06999999999999318, .0800000000000125
2595648403, .06999999999999318, .03999999999999204, .09000000000000341
4370736449, .09000000000000341, .05000000000001137, .0800000000000125
4178080603, .09999999999999432, .04999999999998295, .09000000000000341
2861971897, .0800000000000125, .04999999999998295, .0800000000000125
9280401811, .12999999999999545, .0800000000000125, .09999999999999432
2853842107, .06999999999999318, .05000000000001137, .0800000000000125
1613335517, 6.0000000000002274e-2, .03999999999999204, .07999999999998408
3999501713, .0800000000000125, .05000000000001137, .07999999999998408
5713635233, .11000000000001364, 6.0000000000002274e-2, .08999999999997499
4602172027, .09000000000000341, 6.0000000000002274e-2, .08999999999997499
5166350953, .09999999999999432, 6.0000000000002274e-2, .09000000000000341
2331319619, .06999999999999318, .03999999999999204, .0800000000000125
2875178263, .07999999999998408, .05000000000001137, .09000000000000341
2697850387, .06999999999999318, .05000000000001137, .07999999999998408
1062295021, .05000000000001137, 3.0000000000001137e-2, .07999999999998408
5577847973, .11000000000001364, 6.0000000000002274e-2, .09000000000000341
4392760403, .09000000000000341, 6.0000000000002274e-2, .07999999999998408
3230020259, .0800000000000125, .06999999999999318, .09999999999999432
5681877281, .17000000000001592, .09000000000000341, .09000000000000341
6127185439, .10999999999998522, .0800000000000125, .09000000000000341
7510198447, .11999999999997613, .0800000000000125, .10999999999998522
9634343669, .19000000000002615, .08999999999997499, .12000000000000455
8468859149, .14000000000001478, .09999999999999432, .09000000000000341
4799045417, .09999999999999432, 6.0000000000002274e-2, .10999999999998522
7071562909, .12000000000000455, .0700000000000216, .09999999999999432
7392660259, .12999999999999545, .06999999999999318, .09000000000000341
5585100247, .10000000000002274, .06999999999999318, .09999999999999432
9797010511, .13999999999998636, .0800000000000125, .09000000000000341
4949583511, .09000000000000341, .06999999999999318, .0800000000000125
2440219429, .06999999999999318, 4.0000000000020464e-2, .07999999999998408
3434537891, .0800000000000125, .04999999999998295, .09000000000000341
3321610883, .0800000000000125, .05000000000001137, .07999999999998408
7258606717, .14000000000001478, .07999999999998408, .09999999999999432
3908366201, .0800000000000125, 6.0000000000002274e-2, .09000000000000341
1819518023, .05000000000001137, .03999999999999204, .07999999999998408
6766491409, .11000000000001364, .06999999999999318, .09000000000000341
7056756643, .11000000000001364, .07999999999998408, .09000000000000341
7445674879, .12000000000000455, .06999999999999318, .11000000000001364
9100084307, .12999999999999545, .07999999999998408, .09000000000000341
7500138361, .12000000000000455, .0800000000000125, .09999999999999432
3370718641, .07999999999998408, .05000000000001137, .0800000000000125
6874594553, .11999999999997613, .0700000000000216, .1599999999999966
2291652061, .07999999999998408, 4.0000000000020464e-2, .09999999999999432
4287970009, .09000000000000341, 6.0000000000002274e-2, .08999999999997499
1816420381, .0700000000000216, .03999999999999204, .0800000000000125
6610882037, .10999999999998522, .06999999999999318, .11000000000001364
1586718149, 6.0000000000002274e-2, .03999999999999204, .0800000000000125
3531318331, .07999999999998408, 6.0000000000002274e-2, .09999999999999432
6857499137, .12000000000000455, .06999999999999318, .09000000000000341
6838830203, .12000000000000455, .06999999999999318, .09000000000000341
3407587633, .12000000000000455, .06999999999999318, .08999999999997499
2609911651, .0800000000000125, .03999999999999204, .0800000000000125
7610917891, .12999999999999545, .0800000000000125, .09999999999999432
2708674729, .09000000000000341, .03999999999999204, .09000000000000341
3697919123, .09999999999999432, .05000000000001137, .09999999999999432
3334929707, .0800000000000125, 6.0000000000002274e-2, .09000000000000341
4142926423, .10999999999998522, 6.0000000000002274e-2, .0800000000000125
6965002829, .12000000000000455, .07999999999998408, .11000000000001364
8521414873, .12999999999999545, .07999999999998408, .10000000000002274
6758456839, .10999999999998522, .0800000000000125, .09999999999999432
5498041753, .09999999999999432, 6.0000000000002274e-2, .09000000000000341
4536376007, .09000000000000341, 6.0000000000002274e-2, .09000000000000341
4177312409, .0800000000000125, .05000000000001137, .09000000000000341
4566124763, .09999999999999432, 6.0000000000002274e-2, .07999999999998408
7077536813, .12000000000000455, .06999999999999318, .09000000000000341
2007565453, 6.0000000000002274e-2, .03999999999999204, .0800000000000125
5087802997, .09999999999999432, 6.0000000000002274e-2, .09000000000000341
8441781661, .12999999999999545, .0800000000000125, .15000000000000568
3365681987, .07999999999998408, .05000000000001137, .09000000000000341
3021454721, .06999999999999318, .04999999999998295, .0800000000000125
4040710189, .0800000000000125, 6.0000000000002274e-2, .07999999999998408
8631866129, .13000000000002387, .06999999999999318, .0800000000000125
3940532749, .09000000000000341, .05999999999997385, .09000000000000341
4847285383, .09000000000000341, .04999999999998295, .09000000000000341
1062579527, .05000000000001137, 3.0000000000001137e-2, .06999999999999318
4860955219, .09000000000000341, 6.0000000000002274e-2, .09000000000000341
4566294569, .09000000000000341, 6.0000000000002274e-2, .07999999999998408
5794344419, .11000000000001364, 6.0000000000002274e-2, .09999999999999432
2587210261, .07999999999998408, 4.0000000000020464e-2, .09000000000000341
9702484139, .12999999999999545, .09000000000000341, .07999999999998408
4651674851, .09000000000000341, 6.0000000000002274e-2, .09000000000000341
1413036139, .04999999999998295, 3.0000000000001137e-2, .0800000000000125
6995810357, .12000000000000455, .06999999999999318, .09000000000000341
1855232777, 6.0000000000002274e-2, 3.0000000000001137e-2, .06999999999999318
7097323411, .12000000000000455, .06999999999999318, .09000000000000341
3062427737, .0700000000000216, .04999999999998295, .0800000000000125
2829236489, .0800000000000125, .03999999999999204, .09000000000000341
7462476943, .10999999999998522, .0800000000000125, .09000000000000341
1301686487, .04999999999998295, 3.0000000000001137e-2, .0800000000000125
8566578247, .12999999999999545, .0800000000000125, .10999999999998522
2060525189, 6.0000000000002274e-2, .03999999999999204, .0800000000000125
1624289287, .05000000000001137, .03999999999999204, .06999999999999318
1580036657, 6.0000000000002274e-2, .03999999999999204, .09000000000000341
4649345549, .10000000000002274, .05999999999997385, .09000000000000341
3832385099, .0800000000000125, 6.0000000000002274e-2, .07999999999998408
5675863573, .12000000000000455, .06999999999999318, .09000000000000341
5799807001, .09999999999999432, .06999999999999318, .06999999999999318
7765173509, .12000000000000455, .0800000000000125, .09000000000000341
1527307981, .04999999999998295, .03999999999999204, .09000000000000341
4942886807, .10000000000002274, .05999999999997385, .10000000000002274
2272916479, 6.0000000000002274e-2, .03999999999999204, .09000000000000341
6783257927, .11000000000001364, .06999999999999318, .09000000000000341
9692130073, .12999999999999545, .07999999999998408, .07999999999998408
1494440239, 6.0000000000002274e-2, 3.0000000000001137e-2, .0800000000000125
2632906711, .06999999999999318, 6.0000000000002274e-2, .12999999999999545
1502265307, .09000000000000341, .05000000000001137, .08999999999997499
4963282537, .10000000000002274, 6.0000000000002274e-2, .08999999999997499
2665140523, .0700000000000216, .04999999999998295, .09000000000000341
6217311467, .11000000000001364, .07999999999998408, .09000000000000341
9712681219, .15000000000000568, .07999999999998408, .09000000000000341
3700831637, .0800000000000125, 6.0000000000002274e-2, .09000000000000341
7119321427, .10999999999998522, .06999999999999318, .09000000000000341
6252166187, .10999999999998522, 6.0000000000002274e-2, .09000000000000341
7049520503, .12000000000000455, .06999999999999318, .09999999999999432
9443275183, .12999999999999545, .09000000000000341, .10000000000002274
4553090401, .09000000000000341, .06999999999999318, .0800000000000125
5282311283, .09999999999999432, .06999999999999318, .09000000000000341
8589313531, .19999999999998863, .0800000000000125, .10999999999998522
8885766163, .12999999999999545, .09000000000000341, .0800000000000125
8186970677, .21000000000000796, .09000000000000341, .08999999999997499
1250491651, 6.0000000000002274e-2, 3.0000000000001137e-2, .0800000000000125
1021624733, .04999999999998295, 3.0000000000001137e-2, .0700000000000216
8990263091, .13999999999998636, .09000000000000341, .10000000000002274
2229908777, .06999999999999318, .03999999999999204, .09000000000000341
4460349581, .09000000000000341, 6.0000000000002274e-2, .09000000000000341
4451084543, .08999999999997499, .0700000000000216, .09999999999999432
8320834579, .12999999999999545, .0800000000000125, .09000000000000341
8336867009, .12000000000000455, .07999999999998408, .09000000000000341
6888788461, .11000000000001364, .06999999999999318, .09000000000000341
2559741293, .06999999999999318, .05000000000001137, .07999999999998408
1467394847, .05000000000001137, .03999999999999204, .0800000000000125
3326976997, .07999999999998408, .05000000000001137, .0800000000000125
9835797877, .12999999999999545, .0800000000000125, .09000000000000341
7796150797, .12999999999999545, .07999999999998408, .09999999999999432
4235036563, .10000000000002274, 6.0000000000002274e-2, .08999999999997499
7331471239, .12000000000000455, .0700000000000216, .09999999999999432
3570238403, .09000000000000341, .04999999999998295, .09000000000000341
9911055127, .14000000000001478, .08999999999997499, .10000000000002274
9874179181, .12999999999999545, .09000000000000341, .09000000000000341
9058030081, .12999999999999545, .09000000000000341, .07999999999998408
8742359341, .14000000000001478, .07999999999998408, .0800000000000125
2600614969, .06999999999999318, 4.0000000000020464e-2, .07999999999998408
5813676767, .11000000000001364, .06999999999999318, .09000000000000341
6139052449, .11000000000001364, .09999999999999432, .12000000000000455
8507898001, .12000000000000455, .08999999999997499, .0800000000000125
6485630603, .10000000000002274, .06999999999999318, .09000000000000341
6910584689, .10999999999998522, .11000000000001364, .13999999999998636
8291696509, .12000000000000455, .09000000000000341, .09000000000000341
7473961559, .12999999999999545, .06999999999999318, .10000000000002274
2508539311, .06999999999999318, .05000000000001137, .07999999999998408
3423987239, .0800000000000125, 6.0000000000002274e-2, .07999999999998408
4909907369, .09999999999999432, 6.0000000000002274e-2, .09000000000000341
7114509107, .12000000000000455, .0800000000000125, .07999999999998408
8428493747, .12999999999999545, .0800000000000125, .09000000000000341
1927812457, 6.0000000000002274e-2, .03999999999999204, .07999999999998408
9703404163, .13000000000002387, .08999999999997499, .0800000000000125
3963831499, .09000000000000341, 6.0000000000002274e-2, .0800000000000125
3204408209, .07999999999998408, .05000000000001137, .09999999999999432
3631837129, .0800000000000125, 6.0000000000002274e-2, .08999999999997499
9452919527, .13000000000002387, .08999999999997499, .09000000000000341
6656765281, .15000000000000568, .09999999999999432, .09000000000000341
5355156221, .09999999999999432, 6.0000000000002274e-2, .10000000000002274
5781953899, .09999999999999432, .06999999999999318, .09000000000000341
5177561969, .09999999999999432, .06999999999999318, .09000000000000341
9004660201, .14000000000001478, .07999999999998408, .09000000000000341
9421558921, .13000000000002387, .07999999999998408, .09000000000000341
1543914791, 6.0000000000002274e-2, .03999999999999204, .06999999999999318
2981771333, .0800000000000125, .05000000000001137, .07999999999998408
7491506689, .12000000000000455, .0800000000000125, .07999999999998408
7133362139, .12999999999999545, .0700000000000216, .09999999999999432
7447669447, .12000000000000455, .06999999999999318, .09999999999999432
5794403341, .12999999999999545, .09999999999999432, .11000000000001364
9468508271, .15000000000000568, .09000000000000341, .09999999999999432
4772069321, .09999999999999432, .06999999999999318, .11000000000001364
9090865361, .1699999999999875, .09999999999999432, .11000000000001364
5679101959, .12000000000000455, .07999999999998408, .09000000000000341
3225404867, .12999999999999545, .12000000000000455, .12999999999999545
6864189953, .11000000000001364, .07999999999998408, .0800000000000125
7986814153, .12999999999999545, .0800000000000125, .09000000000000341
9627417223, .13999999999998636, .09000000000000341, .09000000000000341
3239492387, .0800000000000125, .04999999999998295, .0700000000000216
1972124263, 6.0000000000002274e-2, .03999999999999204, .09000000000000341
4277844811, .09999999999999432, 6.0000000000002274e-2, .09999999999999432
8671858451, .12999999999999545, .0800000000000125, .09000000000000341
7308856967, .12000000000000455, .07999999999998408, .09000000000000341
8424940151, .12000000000000455, .0800000000000125, .08999999999997499
4682536637, .09000000000000341, 6.0000000000002274e-2, .08999999999997499
3414394913, .07999999999998408, .05000000000001137, .07999999999998408
8586877889, .13000000000002387, .07999999999998408, .09999999999999432
4825992869, .10000000000002274, 6.0000000000002274e-2, .08999999999997499
5381598037, .11000000000001364, 6.0000000000002274e-2, .09000000000000341
7590236183, .12000000000000455, .07999999999998408, .09000000000000341
1095287293, .03999999999999204, 3.0000000000001137e-2, .0800000000000125
1349320211, .04999999999998295, 3.0000000000001137e-2, .07999999999998408
6700285819, .11000000000001364, .07999999999998408, .11000000000001364
8403309139, .12999999999999545, .0800000000000125, .09999999999999432
3731815183, .09000000000000341, 6.0000000000002274e-2, .09999999999999432
9767671481, .14000000000001478, .09000000000000341, .09999999999999432
3567205799, .13999999999998636, .0700000000000216, .09000000000000341
3423091843, .07999999999998408, .05000000000001137, .0800000000000125
8297037347, .11999999999997613, .09000000000000341, .09000000000000341
6683467649, .12000000000000455, .06999999999999318, .09000000000000341
4276588003, .09000000000000341, .05000000000001137, .09000000000000341
7338332789, .12000000000000455, .06999999999999318, .09000000000000341
4855747243, .09999999999999432, 6.0000000000002274e-2, .07999999999998408
3712111693, .09000000000000341, .05000000000001137, .0800000000000125
4744507541, .09999999999999432, 6.0000000000002274e-2, .09000000000000341
4137142573, .07999999999998408, .06999999999999318, .09000000000000341
8186402557, .12000000000000455, .0800000000000125, .09999999999999432
7974428503, .12000000000000455, .09000000000000341, .1599999999999966
3152661107, .11999999999997613, .11000000000001364, .11999999999997613
4179349997, .10000000000002274, 6.0000000000002274e-2, .08999999999997499
1514250247, .05000000000001137, .03999999999999204, .0700000000000216
5065601339, .09999999999999432, .06999999999999318, .12000000000000455
9714216229, .17000000000001592, .09000000000000341, .08999999999997499
2985990113, .0800000000000125, .05000000000001137, .07999999999998408
2955842041, .0800000000000125, .05000000000001137, .08999999999997499
2295217681, .0700000000000216, .03999999999999204, .09000000000000341
3602519953, .07999999999998408, 6.0000000000002274e-2, .0800000000000125
6135264593, .10999999999998522, .0700000000000216, .09000000000000341
3295085683, .07999999999998408, .05000000000001137, .07999999999998408
1557755081, 6.0000000000002274e-2, 3.0000000000001137e-2, .0800000000000125
2575445399, .06999999999999318, .05000000000001137, .07999999999998408
6615759439, .11000000000001364, 6.0000000000002274e-2, .0800000000000125
2228661167, .06999999999999318, .03999999999999204, .09000000000000341
4334667833, .09000000000000341, .05000000000001137, .0800000000000125
8201330749, .11999999999997613, .0800000000000125, .09000000000000341
2709480013, .07999999999998408, 4.0000000000020464e-2, .09000000000000341
7144959907, .10999999999998522, .0800000000000125, .08999999999997499
1130377499, .03999999999999204, 3.0000000000001137e-2, .0800000000000125
2667857897, .07999999999998408, .03999999999999204, .0800000000000125
9568255867, .13999999999998636, .0800000000000125, .09999999999999432
5907610133, .11000000000001364, 6.0000000000002274e-2, .09000000000000341
6154286651, .10999999999998522, .06999999999999318, .10000000000002274
2998503293, .06999999999999318, 6.0000000000002274e-2, .09000000000000341
4568617709, .09999999999999432, .04999999999998295, .09000000000000341
9660038491, .14000000000001478, .07999999999998408, .09999999999999432
7304764739, .12000000000000455, .0700000000000216, .08999999999997499
6174712961, .09999999999999432, .06999999999999318, .0800000000000125
5593746089, .10999999999998522, 6.0000000000002274e-2, .09000000000000341
3168958937, .0800000000000125, .03999999999999204, .09000000000000341
9778320737, .13999999999998636, .0800000000000125, .09000000000000341
7493673073, .12000000000000455, .07999999999998408, .0800000000000125
1726984867, 6.0000000000002274e-2, .03999999999999204, .07999999999998408
2545766857, .0700000000000216, .04999999999998295, .09000000000000341
1850067091, .05000000000001137, .03999999999999204, .0700000000000216
3877138663, .08999999999997499, .05000000000001137, .0800000000000125
1842614777, 6.0000000000002274e-2, .03999999999999204, .06999999999999318
8584729927, .12000000000000455, .07999999999998408, .15000000000000568
1729176601, 6.0000000000002274e-2, 3.0000000000001137e-2, .06999999999999318
6614021753, .12000000000000455, .06999999999999318, .09000000000000341
8904349241, .12999999999999545, .0800000000000125, .09000000000000341
9340113749, .12999999999999545, .09000000000000341, .0800000000000125
9955023581, .13999999999998636, .0800000000000125, .09999999999999432
9389141017, .12999999999999545, .07999999999998408, .09000000000000341
9245539757, .13000000000002387, .07999999999998408, .09000000000000341
4668626821, .09000000000000341, 6.0000000000002274e-2, .09000000000000341
6635226583, .10999999999998522, .0700000000000216, .09000000000000341
6868184027, .10999999999998522, .06999999999999318, .10000000000002274
2435561251, .06999999999999318, .03999999999999204, .0800000000000125
2696900039, .06999999999999318, .04999999999998295, .09000000000000341
2301943913, .0700000000000216, .03999999999999204, .07999999999998408
9538044559, .13000000000002387, .07999999999998408, .09000000000000341
8747504231, .12000000000000455, .07999999999998408, .10000000000002274
8761042601, .12999999999999545, .09000000000000341, .07999999999998408
8667174283, .12999999999999545, .0800000000000125, .09000000000000341
7408696403, .10999999999998522, .0800000000000125, .09000000000000341
3988962937, .09999999999999432, 6.0000000000002274e-2, .09000000000000341
1773599837, 6.0000000000002274e-2, .03999999999999204, .09999999999999432
3413870357, .09000000000000341, .03999999999999204, .09000000000000341
9296177399, .12999999999999545, .09000000000000341, .09000000000000341
3693387293, .0800000000000125, .04999999999998295, .09000000000000341
3453783031, .0800000000000125, 6.0000000000002274e-2, .10999999999998522
9977616419, .15000000000000568, .0800000000000125, .08999999999997499
2018569243, .0700000000000216, .04999999999998295, .0800000000000125
5314459819, .09999999999999432, 6.0000000000002274e-2, .09000000000000341
7860481133, .12999999999999545, .0800000000000125, .08999999999997499
6737001473, .12000000000000455, .0700000000000216, .08999999999997499
8523336713, .12000000000000455, .11000000000001364, .13999999999998636
1495835681, 6.0000000000002274e-2, 3.0000000000001137e-2, .0800000000000125
9921676363, .13999999999998636, .0800000000000125, .09000000000000341
9964489187, .14999999999997726, .09000000000000341, .11000000000001364
2896055443, .06999999999999318, 6.0000000000002274e-2, .0800000000000125
3492976763, .08999999999997499, .05000000000001137, .0800000000000125
1918115081, .06999999999999318, 3.0000000000001137e-2, .07999999999998408
5462656373, .10000000000002274, .06999999999999318, .07999999999998408
7882499491, .12000000000000455, .09000000000000341, .09999999999999432
4795157417, .09999999999999432, 6.0000000000002274e-2, .09000000000000341
3778631929, .09000000000000341, 6.0000000000002274e-2, .09999999999999432
4268276371, .09000000000000341, .05000000000001137, .0800000000000125
9305307497, .13999999999998636, .0800000000000125, .12999999999999545
8399172139, .13999999999998636, .09000000000000341, .09000000000000341
9320875517, .12999999999999545, .12000000000000455, .14000000000001478
1132015141, .05999999999997385, .05000000000001137, .06999999999999318
6722790127, .1799999999999784, .0800000000000125, .09000000000000341
8537560349, .12999999999999545, .0800000000000125, .11999999999997613
2984103323, .10000000000002274, .05999999999997385, .10000000000002274
1091827643, .03999999999999204, 3.0000000000001137e-2, .09000000000000341
7579174643, .12999999999999545, .0800000000000125, .09999999999999432
1527382421, 6.0000000000002274e-2, 3.0000000000001137e-2, .07999999999998408
2174767519, .0700000000000216, .03999999999999204, .0800000000000125
8218147727, .12999999999999545, .09000000000000341, .11999999999997613
2669368171, .0700000000000216, .04999999999998295, .09000000000000341
3346272101, .09000000000000341, .05000000000001137, .09999999999999432
6307795621, .12000000000000455, .06999999999999318, .09999999999999432
4345536977, .09999999999999432, .0700000000000216, .08999999999997499
4242163333, .10000000000002274, .06999999999999318, .09000000000000341
2416976033, .07999999999998408, .05000000000001137, .07999999999998408
4972224797, .11000000000001364, .06999999999999318, .09000000000000341
3153779927, .0800000000000125, .07999999999998408, .2300000000000182
9045024013, .3499999999999943, .1599999999999966, .08999999999997499
4174948669, .10000000000002274, 6.0000000000002274e-2, .08999999999997499
6201323741, .12000000000000455, .0700000000000216, .09999999999999432
7813167587, .12999999999999545, .09000000000000341, .09999999999999432
6032740079, .10999999999998522, .0700000000000216, .09999999999999432
4491967399, .09999999999999432, 6.0000000000002274e-2, .09999999999999432
1869243631, 6.0000000000002274e-2, .03999999999999204, .09000000000000341
8830624529, .12999999999999545, .0800000000000125, .0800000000000125
8848683827, .12999999999999545, .07999999999998408, .09000000000000341
7687371781, .12000000000000455, .06999999999999318, .09000000000000341
8238664807, .19000000000002615, .09999999999999432, .09000000000000341
8664076697, .12999999999999545, .09000000000000341, .07999999999998408
7545189163, .12000000000000455, .0800000000000125, .09000000000000341
7764045907, .11999999999997613, .0800000000000125, .09999999999999432
2494268999, 6.0000000000002274e-2, .05000000000001137, .07999999999998408
1211706869, .05000000000001137, 3.0000000000001137e-2, .06999999999999318
9469466087, .12999999999999545, .0800000000000125, .09000000000000341
2370727693, .06999999999999318, .03999999999999204, .0800000000000125
2399781193, .0700000000000216, .03999999999999204, .07999999999998408
4248499511, .15000000000000568, 6.0000000000002274e-2, .09000000000000341
5225683469, .09999999999999432, .06999999999999318, .09000000000000341
3723141259, .0800000000000125, 6.0000000000002274e-2, .07999999999998408
2481855851, .0700000000000216, .04999999999998295, .09000000000000341
7633565399, .12000000000000455, .07999999999998408, .10000000000002274
9320191319, .12999999999999545, .07999999999998408, .09000000000000341
8177625529, .12999999999999545, .0700000000000216, .09999999999999432
8778563551, .12999999999999545, .0800000000000125, .09999999999999432
4765806239, .09000000000000341, 6.0000000000002274e-2, .07999999999998408
3904662613, .0800000000000125, 6.0000000000002274e-2, .0800000000000125
7946826841, .11999999999997613, .0700000000000216, .09999999999999432
1979270297, 6.0000000000002274e-2, .03999999999999204, .06999999999999318
2959308223, .0800000000000125, .03999999999999204, .09000000000000341
6403259311, .10999999999998522, 6.0000000000002274e-2, .09999999999999432
9637162427, .12999999999999545, .09999999999999432, .09999999999999432
1490726219, 6.0000000000002274e-2, 3.0000000000001137e-2, .0800000000000125
8834373767, .12999999999999545, .0800000000000125, .09000000000000341
6713672969, .10999999999998522, .06999999999999318, .09000000000000341
2687224103, .06999999999999318, .05000000000001137, .06999999999999318
9350551033, .12999999999999545, .07999999999998408, .09000000000000341
5688520819, .09999999999999432, .0700000000000216, .08999999999997499
3961744811, .0800000000000125, 6.0000000000002274e-2, .09000000000000341
8805878143, .12999999999999545, .0800000000000125, .08999999999997499
2623801861, .0700000000000216, .04999999999998295, .0700000000000216
7906889293, .11999999999997613, .0700000000000216, .08999999999997499
4864487983, .11000000000001364, 6.0000000000002274e-2, .07999999999998408
7990121791, .13000000000002387, .06999999999999318, .09999999999999432
3367229893, .0800000000000125, .05000000000001137, .08999999999997499
9122275517, .14000000000001478, .09000000000000341, .09000000000000341
6985947889, .12000000000000455, .07999999999998408, .09000000000000341
1847491663, 6.0000000000002274e-2, .03999999999999204, .0800000000000125
6943893611, .12000000000000455, .06999999999999318, .09000000000000341
9610657261, .13999999999998636, .0800000000000125, .09999999999999432
9343276897, .13999999999998636, .0800000000000125, .09000000000000341
5190395663, .09999999999999432, .06999999999999318, .09000000000000341
5176218493, .09999999999999432, .0700000000000216, .07999999999998408
7589844523, .11000000000001364, .0800000000000125, .09999999999999432
6260849927, .12000000000000455, .06999999999999318, .09000000000000341
3346491241, .07999999999998408, 6.0000000000002274e-2, .14000000000001478
6573399787, .10999999999998522, .06999999999999318, .09000000000000341
6405187153, .10000000000002274, .06999999999999318, .09000000000000341
8492983637, .11999999999997613, .0800000000000125, .0800000000000125
5571802909, .09000000000000341, .06999999999999318, .0800000000000125
4452229279, .08999999999997499, .04999999999998295, .09000000000000341
4758680081, .09000000000000341, .05000000000001137, .0800000000000125
5622989611, .09999999999999432, 6.0000000000002274e-2, .07999999999998408
8808631873, .12999999999999545, .0700000000000216, .07999999999998408
5881986667, .09999999999999432, .0700000000000216, .09000000000000341
7585690351, .11999999999997613, .0800000000000125, .09000000000000341
1263682883, .04999999999998295, 3.0000000000001137e-2, .0700000000000216
5381297767, .09999999999999432, .06999999999999318, .0800000000000125
4925672209, .09000000000000341, .05999999999997385, .0800000000000125
2414707433, .06999999999999318, 4.0000000000020464e-2, .07999999999998408
3814386391, .0800000000000125, 6.0000000000002274e-2, .10999999999998522
3683699783, .09000000000000341, .05000000000001137, .07999999999998408
9420591899, .13000000000002387, .07999999999998408, .0800000000000125
1074552103, .04999999999998295, 2.0000000000010232e-2, .06999999999999318
3868623691, .08999999999997499, 6.0000000000002274e-2, .0700000000000216
1924834201, 6.0000000000002274e-2, .03999999999999204, .06999999999999318
1347361151, .05000000000001137, 3.0000000000001137e-2, .06999999999999318
7976041897, .12000000000000455, .07999999999998408, .09999999999999432
6849789179, .11000000000001364, .06999999999999318, .09999999999999432
4763857303, .10000000000002274, 6.0000000000002274e-2, .09999999999999432
8768432017, .12999999999999545, .07999999999998408, .09000000000000341
4665700189, .09000000000000341, 6.0000000000002274e-2, .09999999999999432
4624093343, .09000000000000341, 6.0000000000002274e-2, .0800000000000125
6767766007, .10999999999998522, .06999999999999318, .09000000000000341
9335091133, .12999999999999545, .0800000000000125, .09000000000000341
5715191161, .10999999999998522, 6.0000000000002274e-2, .09000000000000341
9706219823, .14000000000001478, .09000000000000341, .08999999999997499
4206891193, .0800000000000125, 6.0000000000002274e-2, .0800000000000125
2960348173, .06999999999999318, .03999999999999204, .0800000000000125
7477642709, .10999999999998522, .06999999999999318, .09999999999999432
7543664053, .12000000000000455, .06999999999999318, .09000000000000341
8304865319, .12999999999999545, .10000000000002274, .13999999999998636
2561916143, .09000000000000341, .04999999999998295, .09000000000000341
4387933889, .09000000000000341, .05999999999997385, .10000000000002274
1964118883, 6.0000000000002274e-2, .03999999999999204, .06999999999999318
8896797619, .13000000000002387, .08999999999997499, .12000000000000455
9707517751, .17000000000001592, .09000000000000341, .09000000000000341
8732677937, .12999999999999545, .07999999999998408, .0800000000000125
1886286023, 6.0000000000002274e-2, .03999999999999204, .0800000000000125
3720527791, .08999999999997499, 6.0000000000002274e-2, .09000000000000341
1006755119, 4.0000000000020464e-2, 2.9999999999972715e-2, .0700000000000216
7486442791, .12000000000000455, .06999999999999318, .09000000000000341
4067688767, .07999999999998408, 6.0000000000002274e-2, .0800000000000125
4875255739, .09000000000000341, 6.0000000000002274e-2, .08999999999997499
5439748309, .10000000000002274, 6.0000000000002274e-2, .08999999999997499
4411558279, .09000000000003183, 6.0000000000002274e-2, .08999999999997499
4165495847, .10000000000002274, 6.0000000000002274e-2, .07999999999998408
5368545773, .11000000000001364, 6.0000000000002274e-2, .08999999999997499
3346572121, .07999999999998408, .05000000000001137, .08000000000004093
4645600781, .08999999999997499, 6.0000000000002274e-2, .07999999999998408
9119893631, .12999999999999545, .08000000000004093, .08999999999997499
6047656057, .10000000000002274, .06999999999999318, .10000000000002274
2131719899, .05999999999994543, 4.0000000000020464e-2, .07999999999998408
8031929219, .12000000000000455, .06999999999999318, .07999999999998408
1823682467, .05000000000001137, .03999999999996362, .08000000000004093
1356048623, .05000000000001137, 2.9999999999972715e-2, .06999999999999318
1163656633, 4.0000000000020464e-2, 2.9999999999972715e-2, .08000000000004093
8871640021, .12000000000000455, .07999999999998408, .10000000000002274
7279990213, .1099999999999568, .06999999999999318, .09000000000003183
9519842063, .12999999999999545, .07999999999998408, .09000000000003183
8269855723, .12000000000000455, .07999999999998408, .11000000000001364
9237882109, .12999999999999545, .07999999999998408, .1500000000000341
4256976007, .08999999999997499, 6.0000000000002274e-2, .07999999999998408
8343785269, .12999999999999545, .06999999999999318, .09000000000003183
4688159269, .0999999999999659, 6.0000000000002274e-2, .08000000000004093
2771290453, .07999999999998408, 4.0000000000020464e-2, .07999999999998408
4938155977, .0999999999999659, 6.0000000000002274e-2, .08000000000004093
